id,domain,source_url,captured_on,assessment,link_type,last_verified,notes
1,seomotionz.com,https://nick-nolan.medium.com/a-growing-list-of-free-do-follow-backlinks-f07a0ab1d7c0,2026-10-09,unreviewed,unknown,,"Article claim only; validate current relevance, eligibility, free tier and public placement."
2,disqus.com,https://nick-nolan.medium.com/a-growing-list-of-free-do-follow-backlinks-f07a0ab1d7c0,2026-10-09,unreviewed,unknown,,"Article claim only; validate current relevance, eligibility, free tier and public placement."
3,flickr.com,https://nick-nolan.medium.com/a-growing-list-of-free-do-follow-backlinks-f07a0ab1d7c0,2026-10-09,unreviewed,unknown,,"Article claim only; validate current relevance, eligibility, free tier and public placement."
4,headwayapp.co,https://nick-nolan.medium.com/a-growing-list-of-free-do-follow-backlinks-f07a0ab1d7c0,2026-10-09,unreviewed,unknown,,"Article claim only; validate current relevance, eligibility, free tier and public placement."
5,pbase.com,https://nick-nolan.medium.com/a-growing-list-of-free-do-follow-backlinks-f07a0ab1d7c0,2026-10-09,unreviewed,unknown,,"Article claim only; validate current relevance, eligibility, free tier and public placement."
6,inthering.org,https://nick-nolan.medium.com/a-growing-list-of-free-do-follow-backlinks-f07a0ab1d7c0,2026-10-09,unreviewed,unknown,,"Article claim only; validate current relevance, eligibility, free tier and public placement."
7,reverbnation.com,https://nick-nolan.medium.com/a-growing-list-of-free-do-follow-backlinks-f07a0ab1d7c0,2026-10-09,unreviewed,unknown,,"Article claim only; validate current relevance, eligibility, free tier and public placement."
8,redbubble.com,https://nick-nolan.medium.com/a-growing-list-of-free-do-follow-backlinks-f07a0ab1d7c0,2026-10-09,unreviewed,unknown,,"Article claim only; validate current relevance, eligibility, free tier and public placement."
9,parler.com,https://nick-nolan.medium.com/a-growing-list-of-free-do-follow-backlinks-f07a0ab1d7c0,2026-10-09,unreviewed,unknown,,"Article claim only; validate current relevance, eligibility, free tier and public placement."
10,storeboard.com,https://nick-nolan.medium.com/a-growing-list-of-free-do-follow-backlinks-f07a0ab1d7c0,2026-10-09,review_first,unknown,,"Article claim only; validate current relevance, eligibility, free tier and public placement."
11,morguefile.com,https://nick-nolan.medium.com/a-growing-list-of-free-do-follow-backlinks-f07a0ab1d7c0,2026-10-09,unreviewed,unknown,,"Article claim only; validate current relevance, eligibility, free tier and public placement."
12,provenexpert.com,https://nick-nolan.medium.com/a-growing-list-of-free-do-follow-backlinks-f07a0ab1d7c0,2026-10-09,review_first,unknown,,"Article claim only; validate current relevance, eligibility, free tier and public placement."
13,evernote.com,https://nick-nolan.medium.com/a-growing-list-of-free-do-follow-backlinks-f07a0ab1d7c0,2026-10-09,unreviewed,unknown,,"Article claim only; validate current relevance, eligibility, free tier and public placement."
14,500px.com,https://nick-nolan.medium.com/a-growing-list-of-free-do-follow-backlinks-f07a0ab1d7c0,2026-10-09,unreviewed,unknown,,"Article claim only; validate current relevance, eligibility, free tier and public placement."
15,zazzle.com,https://nick-nolan.medium.com/a-growing-list-of-free-do-follow-backlinks-f07a0ab1d7c0,2026-10-09,unreviewed,unknown,,"Article claim only; validate current relevance, eligibility, free tier and public placement."
16,files.fm,https://nick-nolan.medium.com/a-growing-list-of-free-do-follow-backlinks-f07a0ab1d7c0,2026-10-09,unreviewed,unknown,,"Article claim only; validate current relevance, eligibility, free tier and public placement."
17,giphy.com,https://nick-nolan.medium.com/a-growing-list-of-free-do-follow-backlinks-f07a0ab1d7c0,2026-10-09,unreviewed,unknown,,"Article claim only; validate current relevance, eligibility, free tier and public placement."
18,brownbook.net,https://nick-nolan.medium.com/a-growing-list-of-free-do-follow-backlinks-f07a0ab1d7c0,2026-10-09,review_first,unknown,,"Article claim only; validate current relevance, eligibility, free tier and public placement."
19,pantip.com,https://nick-nolan.medium.com/a-growing-list-of-free-do-follow-backlinks-f07a0ab1d7c0,2026-10-09,unreviewed,unknown,,"Article claim only; validate current relevance, eligibility, free tier and public placement."
20,dreamwidth.org,https://nick-nolan.medium.com/a-growing-list-of-free-do-follow-backlinks-f07a0ab1d7c0,2026-10-09,unreviewed,unknown,,"Article claim only; validate current relevance, eligibility, free tier and public placement."
21,coub.com,https://nick-nolan.medium.com/a-growing-list-of-free-do-follow-backlinks-f07a0ab1d7c0,2026-10-09,unreviewed,unknown,,"Article claim only; validate current relevance, eligibility, free tier and public placement."
22,apsense.com,https://nick-nolan.medium.com/a-growing-list-of-free-do-follow-backlinks-f07a0ab1d7c0,2026-10-09,unreviewed,unknown,,"Article claim only; validate current relevance, eligibility, free tier and public placement."
23,edocr.com,https://nick-nolan.medium.com/a-growing-list-of-free-do-follow-backlinks-f07a0ab1d7c0,2026-10-09,unreviewed,unknown,,"Article claim only; validate current relevance, eligibility, free tier and public placement."
24,triberr.com,https://nick-nolan.medium.com/a-growing-list-of-free-do-follow-backlinks-f07a0ab1d7c0,2026-10-09,unreviewed,unknown,,"Article claim only; validate current relevance, eligibility, free tier and public placement."
25,videa.hu,https://nick-nolan.medium.com/a-growing-list-of-free-do-follow-backlinks-f07a0ab1d7c0,2026-10-09,unreviewed,unknown,,"Article claim only; validate current relevance, eligibility, free tier and public placement."
26,hackerearth.com,https://nick-nolan.medium.com/a-growing-list-of-free-do-follow-backlinks-f07a0ab1d7c0,2026-10-09,unreviewed,unknown,,"Article claim only; validate current relevance, eligibility, free tier and public placement."
27,anobii.com,https://nick-nolan.medium.com/a-growing-list-of-free-do-follow-backlinks-f07a0ab1d7c0,2026-10-09,unreviewed,unknown,,"Article claim only; validate current relevance, eligibility, free tier and public placement."
28,noti.st,https://nick-nolan.medium.com/a-growing-list-of-free-do-follow-backlinks-f07a0ab1d7c0,2026-10-09,unreviewed,unknown,,"Article claim only; validate current relevance, eligibility, free tier and public placement."
29,jetphotos.com,https://nick-nolan.medium.com/a-growing-list-of-free-do-follow-backlinks-f07a0ab1d7c0,2026-10-09,unreviewed,unknown,,"Article claim only; validate current relevance, eligibility, free tier and public placement."
30,netu.ai,https://nick-nolan.medium.com/a-growing-list-of-free-do-follow-backlinks-f07a0ab1d7c0,2026-10-09,unreviewed,unknown,,"Article claim only; validate current relevance, eligibility, free tier and public placement."
31,screenskills.com,https://nick-nolan.medium.com/a-growing-list-of-free-do-follow-backlinks-f07a0ab1d7c0,2026-10-09,unreviewed,unknown,,"Article claim only; validate current relevance, eligibility, free tier and public placement."
32,start.me,https://nick-nolan.medium.com/a-growing-list-of-free-do-follow-backlinks-f07a0ab1d7c0,2026-10-09,unreviewed,unknown,,"Article claim only; validate current relevance, eligibility, free tier and public placement."
33,filmsforaction.org,https://nick-nolan.medium.com/a-growing-list-of-free-do-follow-backlinks-f07a0ab1d7c0,2026-10-09,unreviewed,unknown,,"Article claim only; validate current relevance, eligibility, free tier and public placement."
34,nxp.com,https://nick-nolan.medium.com/a-growing-list-of-free-do-follow-backlinks-f07a0ab1d7c0,2026-10-09,unreviewed,unknown,,"Article claim only; validate current relevance, eligibility, free tier and public placement."
35,aprelium.com,https://nick-nolan.medium.com/a-growing-list-of-free-do-follow-backlinks-f07a0ab1d7c0,2026-10-09,unreviewed,unknown,,"Article claim only; validate current relevance, eligibility, free tier and public placement."
36,crokes.com,https://nick-nolan.medium.com/a-growing-list-of-free-do-follow-backlinks-f07a0ab1d7c0,2026-10-09,unreviewed,unknown,,"Article claim only; validate current relevance, eligibility, free tier and public placement."
37,40billion.com,https://nick-nolan.medium.com/a-growing-list-of-free-do-follow-backlinks-f07a0ab1d7c0,2026-10-09,unreviewed,unknown,,"Article claim only; validate current relevance, eligibility, free tier and public placement."
38,huzzaz.com,https://nick-nolan.medium.com/a-growing-list-of-free-do-follow-backlinks-f07a0ab1d7c0,2026-10-09,unreviewed,unknown,,"Article claim only; validate current relevance, eligibility, free tier and public placement."
39,zumvu.com,https://nick-nolan.medium.com/a-growing-list-of-free-do-follow-backlinks-f07a0ab1d7c0,2026-10-09,review_first,unknown,,"Article claim only; validate current relevance, eligibility, free tier and public placement."
40,somuch.com,https://nick-nolan.medium.com/a-growing-list-of-free-do-follow-backlinks-f07a0ab1d7c0,2026-10-09,unreviewed,unknown,,"Article claim only; validate current relevance, eligibility, free tier and public placement."
41,hotfrog.com,https://nick-nolan.medium.com/a-growing-list-of-free-do-follow-backlinks-f07a0ab1d7c0,2026-10-09,review_first,unknown,,"Article claim only; validate current relevance, eligibility, free tier and public placement."
42,submissionwebdirectory.com,https://nick-nolan.medium.com/a-growing-list-of-free-do-follow-backlinks-f07a0ab1d7c0,2026-10-09,unreviewed,unknown,,"Article claim only; validate current relevance, eligibility, free tier and public placement."
43,promotebusinessdirectory.com,https://nick-nolan.medium.com/a-growing-list-of-free-do-follow-backlinks-f07a0ab1d7c0,2026-10-09,unreviewed,unknown,,"Article claim only; validate current relevance, eligibility, free tier and public placement."
44,wikidot.com,https://nick-nolan.medium.com/a-growing-list-of-free-do-follow-backlinks-f07a0ab1d7c0,2026-10-09,unreviewed,unknown,,"Article claim only; validate current relevance, eligibility, free tier and public placement."
45,dreevoo.com,https://nick-nolan.medium.com/a-growing-list-of-free-do-follow-backlinks-f07a0ab1d7c0,2026-10-09,unreviewed,unknown,,"Article claim only; validate current relevance, eligibility, free tier and public placement."
46,dosula.com,https://nick-nolan.medium.com/a-growing-list-of-free-do-follow-backlinks-f07a0ab1d7c0,2026-10-09,unreviewed,unknown,,"Article claim only; validate current relevance, eligibility, free tier and public placement."
47,superlist.us,https://nick-nolan.medium.com/a-growing-list-of-free-do-follow-backlinks-f07a0ab1d7c0,2026-10-09,unreviewed,unknown,,"Article claim only; validate current relevance, eligibility, free tier and public placement."
48,ques.noirandblanco.com,https://nick-nolan.medium.com/a-growing-list-of-free-do-follow-backlinks-f07a0ab1d7c0,2026-10-09,unreviewed,unknown,,"Article claim only; validate current relevance, eligibility, free tier and public placement."
49,projectnoah.org,https://nick-nolan.medium.com/a-growing-list-of-free-do-follow-backlinks-f07a0ab1d7c0,2026-10-09,unreviewed,unknown,,"Article claim only; validate current relevance, eligibility, free tier and public placement."
50,medium.com,https://nick-nolan.medium.com/a-growing-list-of-free-do-follow-backlinks-f07a0ab1d7c0,2026-10-09,unreviewed,unknown,,"Article claim only; validate current relevance, eligibility, free tier and public placement."
